file,num_sequences,min_length,max_length,mean_length,median_length
ighv.fasta,51,106,107,106.09803921568627,106
igkv.fasta,42,111,111,111.0,111
iglv.fasta,37,103,116,112.32432432432432,113
trav.fasta,47,106,108,107.08510638297872,107
trbv.fasta,60,107,109,107.88333333333334,108
trdv.fasta,3,106,108,107.33333333333333,108
trgv.fasta,11,108,110,109.0,109
